Company Name,Revenue,Net Plant Property & Equipments,Business Profile,EBITDA DATA,EBITDA,EBITDA MARGIN,Total Assets,Return on Average Assets,Debt,Debt/EBITDA,RCF,RCF/DEBT,Interest Expense,EBITDA/Interest Expense,Financial Policy
Company 1,17556,76561,84,31,5442.36,31,6144.6,93,2633.4,50,1000.69,50,8653,70,69
Company 2,11653,10586,90,17,1981.01,17,4078.55,79,1747.95,89,664.22,17,6873,100,68
Company 3,85879,34393,60,12,10305.48,12,30057.65,76,12881.85,93,4895.10,89,4516,80,59
Company 4,48364,50654,12,33,15960.12,33,16927.4,86,7254.6,61,2756.75,14,8023,85,71
Company 5,30126,57972,5,42,12652.92,42,10544.1,64,4518.9,93,1717.18,46,9344,93,19
Company 6,47594,28973,60,20,9518.8,20,16657.9,85,7139.1,80,2712.86,15,7513,90,35
Company 7,25926,51515,58,38,9851.88,38,9074.1,100,3888.9,66,1477.78,63,1969,76,46
Company 8,24470,31340,54,43,10522.1,43,8564.5,89,3670.5,53,1394.79,24,8738,58,81
Company 9,76225,48879,65,10,7622.5,10,26678.75,82,11433.75,51,4344.83,65,2598,96,49
Company 10,48914,55569,41,17,8315.38,17,17119.9,71,7337.1,70,2788.10,14,3893,85,86
Company 11,55926,56783,65,17,9507.42,17,19574.1,88,8388.9,64,3187.78,95,2278,83,84
Company 12,30588,52564,4,16,4894.08,16,10705.8,85,4588.2,61,1743.52,21,1882,72,67
Company 13,12560,24968,31,48,6028.8,48,4396,68,1884,64,715.92,22,9060,87,92
Company 14,41075,62511,13,47,19305.25,47,14376.25,54,6161.25,90,2341.28,39,9601,91,98
Company 15,45039,33369,27,16,7206.24,16,15763.65,94,6755.85,57,2567.22,72,8142,72,80
Company 16,37293,58633,5,20,7458.6,20,13052.55,72,5593.95,94,2125.70,43,1853,97,19
Company 17,47279,45769,26,38,17966.02,38,16547.65,64,7091.85,51,2694.90,18,573,72,66
Company 18,74998,46388,50,26,19499.48,26,26249.3,71,11249.7,91,4274.89,15,2101,88,40
Company 19,84494,39127,7,4,3379.76,4,29572.9,55,12674.1,82,4816.16,76,3188,100,59
Company 20,71130,40382,82,19,13514.7,19,24895.5,53,10669.5,98,4054.41,76,8821,84,91
Company 21,73631,32163,51,7,5154.17,7,25770.85,76,11044.65,62,4196.97,51,2704,91,16
Company 22,33385,70060,15,13,4340.05,13,11684.75,60,5007.75,61,1902.95,81,5899,74,10
Company 23,97551,69454,1,37,36093.87,37,34142.85,74,14632.65,99,5560.41,57,7303,82,24
Company 24,66189,63940,21,39,25813.71,39,23166.15,85,9928.35,95,3772.77,7,2468,63,65
Company 25,72075,35958,58,26,18739.5,26,25226.25,91,10811.25,77,4108.28,99,99,51,50
Company 26,93078,50175,47,14,13030.92,14,32577.3,72,13961.7,72,5305.45,61,6669,88,61
Company 27,99078,4169,50,7,6935.46,7,34677.3,65,14861.7,98,5647.45,60,3549,95,32
Company 28,31642,51304,34,46,14555.32,46,11074.7,100,4746.3,59,1803.59,16,2098,51,7
Company 29,37040,68876,95,49,18149.6,49,12964,71,5556,74,2111.28,5,8392,51,36
Company 30,78176,47377,100,50,39088,50,27361.6,75,11726.4,96,4456.03,37,8630,99,57
Company 31,89943,5742,57,38,34178.34,38,31480.05,57,13491.45,62,5126.75,42,2675,86,39
Company 32,21805,34783,52,22,4797.1,22,7631.75,51,3270.75,91,1242.89,69,8582,70,52
Company 33,74582,2333,20,39,29086.98,39,26103.7,69,11187.3,87,4251.17,98,2844,70,48
Company 34,60092,48412,98,18,10816.56,18,21032.2,57,9013.8,52,3425.24,73,6367,59,81
Company 35,21909,72380,80,14,3067.26,14,7668.15,90,3286.35,51,1248.81,54,9019,94,72
Company 36,64180,68900,60,18,11552.4,18,22463,83,9627,96,3658.26,80,7426,57,8
Company 37,65118,33391,82,49,31907.82,49,22791.3,53,9767.7,60,3711.73,48,9527,69,65
Company 38,81230,14079,31,19,15433.7,19,28430.5,69,12184.5,94,4630.11,40,6924,52,56
Company 39,34346,59428,16,32,10990.72,32,12021.1,83,5151.9,51,1957.72,36,4804,89,96
Company 40,10101,3034,95,42,4242.42,42,3535.35,56,1515.15,70,575.76,97,124,86,47
Company 41,70366,20161,78,47,33072.02,47,24628.1,68,10554.9,61,4010.86,93,1060,94,60
Company 42,37733,35643,100,43,16225.19,43,13206.55,92,5659.95,72,2150.78,62,6740,79,80
Company 43,45713,59107,39,4,1828.52,4,15999.55,73,6856.95,54,2605.64,30,8727,83,48
Company 44,82308,7467,64,20,16461.6,20,28807.8,92,12346.2,94,4691.56,61,5304,79,47
Company 45,47161,54826,49,43,20279.23,43,16506.35,74,7074.15,89,2688.18,3,9584,61,12
Company 46,13171,21873,7,6,790.26,6,4609.85,73,1975.65,63,750.75,38,3936,77,42
Company 47,87674,25777,39,25,21918.5,25,30685.9,99,13151.1,65,4997.42,70,7975,80,92
Company 48,41795,60731,45,8,3343.6,8,14628.25,56,6269.25,65,2382.32,99,6724,88,5
Company 49,10012,20206,23,47,4705.64,47,3504.2,58,1501.8,77,570.68,41,5729,80,49
Company 50,16647,4605,91,30,4994.1,30,5826.45,89,2497.05,58,948.88,5,2813,86,52
Company 51,80951,41234,11,7,5666.57,7,28332.85,57,12142.65,83,4614.21,90,7885,85,41
Company 52,27381,76511,65,45,12321.45,45,9583.35,98,4107.15,54,1560.72,91,2132,52,74
Company 53,76117,10822,93,22,16745.74,22,26640.95,94,11417.55,61,4338.67,57,8571,68,30
Company 54,47933,19033,63,31,14859.23,31,16776.55,79,7189.95,71,2732.18,37,605,98,45
Company 55,68816,69234,100,14,9634.24,14,24085.6,68,10322.4,94,3922.51,56,1437,71,68
Company 56,56413,66601,93,20,11282.6,20,19744.55,72,8461.95,88,3215.54,31,7668,91,15
Company 57,88871,62891,85,45,39991.95,45,31104.85,78,13330.65,55,5065.65,53,8667,84,30
Company 58,20330,78322,29,30,6099,30,7115.5,67,3049.5,88,1158.81,62,1623,55,63
Company 59,40951,63983,88,9,3685.59,9,14332.85,99,6142.65,57,2334.21,93,2476,88,22
Company 60,91650,76180,37,40,36660,40,32077.5,97,13747.5,74,5224.05,61,3164,54,3
Company 61,15345,73166,38,8,1227.6,8,5370.75,83,2301.75,63,874.67,11,6195,64,33
Company 62,47834,33912,96,45,21525.3,45,16741.9,95,7175.1,88,2726.54,20,5715,74,41
Company 63,18856,48772,5,25,4714,25,6599.6,81,2828.4,100,1074.79,93,9933,79,92
Company 64,71933,47161,75,17,12228.61,17,25176.55,80,10789.95,87,4100.18,28,5611,61,49
Company 65,88518,14244,27,26,23014.68,26,30981.3,94,13277.7,63,5045.53,48,5912,90,29
Company 66,49067,2448,96,30,14720.1,30,17173.45,75,7360.05,96,2796.82,57,346,63,10
Company 67,11935,78111,1,34,4057.9,34,4177.25,97,1790.25,92,680.30,38,8820,91,82
Company 68,94774,23968,96,42,39805.08,42,33170.9,88,14216.1,67,5402.12,13,6058,67,10
Company 69,30583,3336,99,14,4281.62,14,10704.05,76,4587.45,52,1743.23,47,9341,90,79
Company 70,47725,44646,8,9,4295.25,9,16703.75,66,7158.75,88,2720.33,47,6087,78,77
Company 71,81835,42368,35,48,39280.8,48,28642.25,66,12275.25,96,4664.60,31,6605,70,82
Company 72,37825,70472,17,6,2269.5,6,13238.75,87,5673.75,81,2156.03,1,4930,72,75
Company 73,17642,65072,4,46,8115.32,46,6174.7,91,2646.3,80,1005.59,13,4404,69,72
Company 74,47487,13875,91,3,1424.61,3,16620.45,89,7123.05,70,2706.76,22,7039,96,47
Company 75,77792,13611,85,31,24115.52,31,27227.2,100,11668.8,63,4434.14,76,1367,98,71
Company 76,6361,36481,8,21,1335.81,21,2226.35,75,954.15,62,362.58,86,678,78,47
Company 77,11441,78202,63,40,4576.4,40,4004.35,62,1716.15,92,652.14,36,8300,68,19
Company 78,6320,76536,56,35,2212,35,2212,58,948,69,360.24,41,9441,55,73
Company 79,16330,1924,59,30,4899,30,5715.5,60,2449.5,66,930.81,38,7603,51,15
Company 80,36925,76924,46,15,5538.75,15,12923.75,76,5538.75,62,2104.73,28,3100,95,13
Company 81,84670,25182,5,24,20320.8,24,29634.5,95,12700.5,90,4826.19,21,1936,95,56
Company 82,31845,44746,69,46,14648.7,46,11145.75,67,4776.75,77,1815.17,33,8372,57,44
Company 83,79154,77142,54,39,30870.06,39,27703.9,77,11873.1,72,4511.78,17,8266,93,100
Company 84,88322,77944,95,7,6182.54,7,30912.7,89,13248.3,72,5034.35,18,2189,88,98
Company 85,82367,11112,9,5,4118.35,5,28828.45,55,12355.05,93,4694.92,82,8566,90,91
Company 86,48058,51046,51,45,21626.1,45,16820.3,58,7208.7,60,2739.31,6,512,94,26
Company 87,63522,3301,84,40,25408.8,40,22232.7,55,9528.3,83,3620.75,19,2542,99,89
Company 88,79714,75799,3,8,6377.12,8,27899.9,67,11957.1,52,4543.70,94,6480,75,54
Company 89,61056,18775,86,15,9158.4,15,21369.6,56,9158.4,83,3480.19,94,7876,73,40
Company 90,91613,48518,26,4,3664.52,4,32064.55,51,13741.95,65,5221.94,57,6891,78,94
Company 91,76363,56937,75,32,24436.16,32,26727.05,73,11454.45,85,4352.69,19,4227,73,82
Company 92,63981,17946,91,29,18554.49,29,22393.35,84,9597.15,65,3646.92,37,661,67,90
Company 93,94937,31191,77,17,16139.29,17,33227.95,99,14240.55,86,5411.41,67,2253,77,76
Company 94,2428,56071,76,44,1068.32,44,849.8,97,364.2,88,138.40,63,6017,95,70
Company 95,12558,58191,49,26,3265.08,26,4395.3,65,1883.7,60,715.81,9,3716,73,34
Company 96,82966,55594,2,34,28208.44,34,29038.1,67,12444.9,57,4729.06,93,7870,79,28
Company 97,25053,78162,4,34,8518.02,34,8768.55,53,3757.95,68,1428.02,33,6621,100,44
Company 98,86247,34219,80,1,862.47,1,30186.45,85,12937.05,89,4916.08,44,8385,57,50
Company 99,49143,23653,87,16,7862.88,16,17200.05,91,7371.45,100,2801.15,13,330,51,96
Company 100,55261,43667,10,16,8841.76,16,19341.35,88,8289.15,58,3149.88,77,1335,56,64
Company 101,4539,79833,50,34,1543.26,34,1588.65,93,680.85,82,258.72,71,8804,59,97
Company 102,72760,26594,63,14,10186.4,14,25466,95,10914,82,4147.32,88,866,100,60
Company 103,83358,3438,37,35,29175.3,35,29175.3,92,12503.7,50,4751.41,29,4675,86,24
Company 104,97837,73180,40,39,38156.43,39,34242.95,76,14675.55,55,5576.71,14,3606,91,92
Company 105,6115,31590,18,44,2690.6,44,2140.25,99,917.25,91,348.56,17,1248,89,76
Company 106,12644,74493,19,33,4172.52,33,4425.4,87,1896.6,95,720.71,48,3296,67,15
Company 107,94115,34688,8,34,31999.1,34,32940.25,52,14117.25,60,5364.56,91,6206,70,40
Company 108,48471,34659,16,40,19388.4,40,16964.85,63,7270.65,95,2762.85,60,6510,100,92
Company 109,87107,18323,91,38,33100.66,38,30487.45,53,13066.05,76,4965.10,29,2551,68,96
Company 110,66255,39382,54,24,15901.2,24,23189.25,98,9938.25,55,3776.54,69,2388,67,46
Company 111,68445,24331,85,30,20533.5,30,23955.75,67,10266.75,59,3901.37,30,2549,99,40
Company 112,58308,61384,68,46,26821.68,46,20407.8,69,8746.2,50,3323.56,48,920,67,49
Company 113,62349,52407,13,1,623.49,1,21822.15,88,9352.35,71,3553.89,95,5910,98,7
Company 114,22167,79523,96,22,4876.74,22,7758.45,63,3325.05,99,1263.52,86,2864,78,26
Company 115,41921,62640,24,9,3772.89,9,14672.35,71,6288.15,66,2389.50,46,8717,91,19
Company 116,28842,37736,85,1,288.42,1,10094.7,58,4326.3,62,1643.99,83,2072,74,8
Company 117,8419,37898,54,14,1178.66,14,2946.65,75,1262.85,91,479.88,48,1106,51,23
Company 118,13664,55981,9,50,6832,50,4782.4,78,2049.6,69,778.85,38,6712,88,27
Company 119,36129,76,32,9,3251.61,9,12645.15,77,5419.35,81,2059.35,79,290,98,19
Company 120,67522,74054,60,23,15530.06,23,23632.7,94,10128.3,81,3848.75,4,4472,86,4
Company 121,89144,45415,41,40,35657.6,40,31200.4,80,13371.6,56,5081.21,70,9154,82,6
Company 122,81897,12973,42,17,13922.49,17,28663.95,55,12284.55,94,4668.13,4,6689,88,78
Company 123,84611,12229,85,40,33844.4,40,29613.85,91,12691.65,59,4822.83,25,4899,74,16
Company 124,69145,14005,86,42,29040.9,42,24200.75,64,10371.75,61,3941.27,53,233,69,62
Company 125,37957,71666,81,10,3795.7,10,13284.95,60,5693.55,68,2163.55,72,3594,93,56
Company 126,98471,32297,29,10,9847.1,10,34464.85,87,14770.65,71,5612.85,85,9025,78,69
Company 127,7557,20901,47,14,1057.98,14,2644.95,87,1133.55,95,430.75,30,8254,65,43
Company 128,98892,36057,22,47,46479.24,47,34612.2,90,14833.8,90,5636.84,97,2092,93,90
Company 129,91175,54585,1,10,9117.5,10,31911.25,90,13676.25,85,5196.98,20,7179,97,50
Company 130,38532,76284,52,43,16568.76,43,13486.2,66,5779.8,52,2196.32,59,7537,88,12
Company 131,79327,29679,14,24,19038.48,24,27764.45,82,11899.05,79,4521.64,10,1596,51,15
Company 132,87986,12154,12,50,43993,50,30795.1,52,13197.9,91,5015.20,89,7322,53,13
Company 133,20763,19456,9,22,4567.86,22,7267.05,94,3114.45,71,1183.49,36,8502,94,100
Company 134,73342,67574,18,14,10267.88,14,25669.7,99,11001.3,70,4180.49,18,3274,51,89
Company 135,20234,59388,81,28,5665.52,28,7081.9,87,3035.1,65,1153.34,44,8868,64,6
Company 136,6291,22336,17,6,377.46,6,2201.85,84,943.65,57,358.59,22,1765,83,60
Company 137,10735,2266,41,29,3113.15,29,3757.25,51,1610.25,96,611.90,70,449,94,97
Company 138,13882,5943,83,40,5552.8,40,4858.7,57,2082.3,62,791.27,48,9613,60,36
Company 139,61031,1861,24,22,13426.82,22,21360.85,56,9154.65,70,3478.77,19,4858,78,88
Company 140,85148,9606,97,15,12772.2,15,29801.8,82,12772.2,70,4853.44,45,8724,64,46
Company 141,27899,47846,54,40,11159.6,40,9764.65,57,4184.85,66,1590.24,59,1743,58,34
Company 142,34116,8092,45,48,16375.68,48,11940.6,98,5117.4,77,1944.61,49,3469,54,82
Company 143,95354,9824,85,30,28606.2,30,33373.9,80,14303.1,88,5435.18,1,8016,77,15
Company 144,72919,54505,48,1,729.19,1,25521.65,74,10937.85,57,4156.38,34,6566,90,97
Company 145,65747,50786,20,12,7889.64,12,23011.45,99,9862.05,95,3747.58,55,1829,65,4
Company 146,30755,69738,88,45,13839.75,45,10764.25,67,4613.25,92,1753.04,26,834,90,87
Company 147,38804,6507,25,1,388.04,1,13581.4,85,5820.6,84,2211.83,54,4097,59,89
Company 148,65225,16467,96,33,21524.25,33,22828.75,70,9783.75,80,3717.83,41,9312,96,69
Company 149,86564,27636,81,30,25969.2,30,30297.4,62,12984.6,69,4934.15,64,4071,53,82
Company 150,34668,23845,4,50,17334,50,12133.8,52,5200.2,52,1976.08,25,3826,91,26
Company 151,56282,15915,98,37,20824.34,37,19698.7,77,8442.3,73,3208.07,82,5554,78,33
Company 152,2387,47240,14,28,668.36,28,835.45,94,358.05,57,136.06,97,1221,79,5
Company 153,5030,41237,81,1,50.3,1,1760.5,70,754.5,81,286.71,73,7203,80,60
Company 154,75805,46393,40,37,28047.85,37,26531.75,53,11370.75,52,4320.89,55,1162,52,70
Company 155,58208,13817,37,42,24447.36,42,20372.8,64,8731.2,94,3317.86,65,9117,54,59
Company 156,12674,51354,30,7,887.18,7,4435.9,74,1901.1,74,722.42,29,624,70,3
Company 157,40237,37584,45,3,1207.11,3,14082.95,82,6035.55,56,2293.51,40,9974,96,96
Company 158,50760,58596,10,39,19796.4,39,17766,74,7614,59,2893.32,79,418,62,16
Company 159,90784,77388,30,10,9078.4,10,31774.4,53,13617.6,64,5174.69,67,1896,76,4
Company 160,60644,42966,55,5,3032.2,5,21225.4,84,9096.6,59,3456.71,57,5779,54,47
Company 161,68744,48803,61,30,20623.2,30,24060.4,75,10311.6,99,3918.41,95,9929,98,93
Company 162,61509,26870,2,4,2460.36,4,21528.15,91,9226.35,70,3506.01,88,2021,62,8
Company 163,53089,18450,70,22,11679.58,22,18581.15,56,7963.35,52,3026.07,64,7358,97,39
Company 164,7015,58901,83,35,2455.25,35,2455.25,84,1052.25,77,399.86,33,1559,72,9
Company 165,45306,53108,51,23,10420.38,23,15857.1,78,6795.9,50,2582.44,89,3596,66,63
Company 166,5512,24416,18,48,2645.76,48,1929.2,74,826.8,83,314.18,60,7606,95,80
Company 167,10663,44031,81,1,106.63,1,3732.05,64,1599.45,79,607.79,34,767,65,63
Company 168,71285,17876,32,26,18534.1,26,24949.75,92,10692.75,79,4063.25,35,104,57,35
Company 169,68717,22467,30,10,6871.7,10,24050.95,74,10307.55,82,3916.87,17,5075,55,77
Company 170,61189,73994,84,30,18356.7,30,21416.15,57,9178.35,52,3487.77,36,8524,91,99
Company 171,55620,66441,15,37,20579.4,37,19467,50,8343,87,3170.34,33,3315,96,90
Company 172,93639,70531,81,32,29964.48,32,32773.65,53,14045.85,89,5337.42,44,5002,95,28
Company 173,16466,78232,73,27,4445.82,27,5763.1,55,2469.9,57,938.56,45,3877,72,13
Company 174,68018,70916,47,31,21085.58,31,23806.3,73,10202.7,63,3877.03,96,6952,66,48
Company 175,35391,32559,26,2,707.82,2,12386.85,85,5308.65,79,2017.29,93,8371,61,97
Company 176,89669,62193,15,13,11656.97,13,31384.15,98,13450.35,53,5111.13,3,1453,80,43
Company 177,36111,78317,20,41,14805.51,41,12638.85,86,5416.65,70,2058.33,74,2109,67,6
Company 178,35877,45116,43,33,11839.41,33,12556.95,93,5381.55,65,2044.99,54,2111,92,66
Company 179,81042,18559,15,1,810.42,1,28364.7,51,12156.3,63,4619.39,78,8529,80,19
Company 180,57317,29229,79,45,25792.65,45,20060.95,79,8597.55,94,3267.07,5,5755,82,8
Company 181,96474,23986,98,49,47272.26,49,33765.9,72,14471.1,60,5499.02,65,8145,78,86
Company 182,61599,45875,33,49,30183.51,49,21559.65,74,9239.85,69,3511.14,33,1071,68,78
Company 183,46334,61111,100,42,19460.28,42,16216.9,67,6950.1,73,2641.04,6,6676,76,4
Company 184,6815,51737,83,46,3134.9,46,2385.25,55,1022.25,79,388.46,63,7712,71,8
Company 185,92405,65668,11,47,43430.35,47,32341.75,56,13860.75,73,5267.09,83,4809,59,89
Company 186,51452,8269,11,48,24696.96,48,18008.2,96,7717.8,83,2932.76,99,9645,51,75
Company 187,85046,44531,46,26,22111.96,26,29766.1,77,12756.9,60,4847.62,41,6043,82,9
Company 188,4899,50222,11,41,2008.59,41,1714.65,73,734.85,97,279.24,45,8905,57,62
Company 189,38169,54341,39,8,3053.52,8,13359.15,71,5725.35,52,2175.63,71,1315,75,55
Company 190,19825,15914,44,20,3965,20,6938.75,99,2973.75,75,1130.03,49,8501,89,5
Company 191,2446,65855,40,38,929.48,38,856.1,61,366.9,64,139.42,81,9160,68,33
Company 192,67609,65843,84,27,18254.43,27,23663.15,50,10141.35,81,3853.71,95,5115,83,75
Company 193,36292,61752,14,46,16694.32,46,12702.2,66,5443.8,50,2068.64,34,3608,76,77
Company 194,48710,3548,92,50,24355,50,17048.5,93,7306.5,74,2776.47,93,1726,50,63
Company 195,47041,50354,5,30,14112.3,30,16464.35,94,7056.15,57,2681.34,83,7637,84,24
Company 196,19261,1382,82,26,5007.86,26,6741.35,98,2889.15,59,1097.88,35,3044,59,25
Company 197,84091,52443,100,29,24386.39,29,29431.85,62,12613.65,67,4793.19,39,8955,81,99
Company 198,81404,31595,83,12,9768.48,12,28491.4,65,12210.6,83,4640.03,54,4722,96,66
Company 199,22432,78485,99,46,10318.72,46,7851.2,88,3364.8,98,1278.62,20,8684,63,100
Company 200,36461,27012,1,27,9844.47,27,12761.35,62,5469.15,75,2078.28,2,3582,67,34
Company 201,72653,25368,95,42,30514.26,42,25428.55,76,10897.95,83,4141.22,18,8227,58,32
Company 202,35366,79248,52,22,7780.52,22,12378.1,91,5304.9,64,2015.86,2,7931,63,65
Company 203,88038,79738,55,42,36975.96,42,30813.3,73,13205.7,100,5018.17,92,3941,93,84
Company 204,20140,77582,3,13,2618.2,13,7049,64,3021,99,1147.98,28,6328,86,86
Company 205,65945,77078,30,39,25718.55,39,23080.75,63,9891.75,90,3758.87,30,5026,96,65
Company 206,75975,34020,3,7,5318.25,7,26591.25,92,11396.25,99,4330.58,25,1069,68,11
Company 207,48152,49387,35,37,17816.24,37,16853.2,73,7222.8,51,2744.66,48,4470,78,66
Company 208,83900,29220,78,28,23492,28,29365,97,12585,60,4782.30,48,3236,57,41
Company 209,15515,57577,94,31,4809.65,31,5430.25,63,2327.25,52,884.36,19,1632,98,13
Company 210,9971,46113,78,36,3589.56,36,3489.85,82,1495.65,67,568.35,74,1680,95,37
Company 211,59524,29102,1,33,19642.92,33,20833.4,69,8928.6,78,3392.87,17,9426,71,17
Company 212,98307,36554,63,6,5898.42,6,34407.45,67,14746.05,72,5603.50,18,7299,60,90
Company 213,80404,35203,94,13,10452.52,13,28141.4,71,12060.6,89,4583.03,20,7025,79,1
Company 214,44301,842,58,8,3544.08,8,15505.35,68,6645.15,84,2525.16,55,322,87,15
Company 215,34844,4222,90,21,7317.24,21,12195.4,80,5226.6,54,1986.11,73,3737,58,18
Company 216,15065,25854,80,38,5724.7,38,5272.75,53,2259.75,78,858.71,90,9083,70,85
Company 217,96979,14817,36,20,19395.8,20,33942.65,93,14546.85,53,5527.80,67,6250,53,93
Company 218,93348,39455,87,33,30804.84,33,32671.8,70,14002.2,56,5320.84,88,4473,53,91
Company 219,63857,13886,3,18,11494.26,18,22349.95,57,9578.55,52,3639.85,77,2826,95,78
Company 220,10597,65464,57,34,3602.98,34,3708.95,74,1589.55,98,604.03,34,4420,84,75
Company 221,62527,22666,37,33,20633.91,33,21884.45,98,9379.05,78,3564.04,19,7772,97,34
Company 222,50312,79452,86,12,6037.44,12,17609.2,75,7546.8,54,2867.78,70,8172,55,100
Company 223,87605,32726,3,48,42050.4,48,30661.75,67,13140.75,76,4993.49,47,7733,96,88
Company 224,7430,37626,20,27,2006.1,27,2600.5,59,1114.5,78,423.51,30,309,75,76
Company 225,42737,79656,97,28,11966.36,28,14957.95,99,6410.55,90,2436.01,41,7038,95,49
Company 226,81903,77244,89,5,4095.15,5,28666.05,79,12285.45,83,4668.47,50,3703,65,77
Company 227,83589,55906,24,4,3343.56,4,29256.15,87,12538.35,66,4764.57,73,302,61,29
Company 228,32337,55017,96,6,1940.22,6,11317.95,73,4850.55,95,1843.21,79,7694,56,52
Company 229,54404,50251,13,33,17953.32,33,19041.4,56,8160.6,81,3101.03,18,857,51,2
Company 230,31850,27262,98,22,7007,22,11147.5,94,4777.5,74,1815.45,92,7689,73,1
Company 231,22233,13148,89,14,3112.62,14,7781.55,59,3334.95,87,1267.28,56,6224,81,83
Company 232,25240,37726,23,46,11610.4,46,8834,66,3786,83,1438.68,72,2492,85,71
Company 233,79066,48178,24,32,25301.12,32,27673.1,92,11859.9,55,4506.76,20,7749,90,91
Company 234,97714,27923,66,20,19542.8,20,34199.9,69,14657.1,88,5569.70,32,6385,51,86
Company 235,83178,21848,71,22,18299.16,22,29112.3,85,12476.7,57,4741.15,93,4376,85,37
Company 236,89562,60943,14,25,22390.5,25,31346.7,83,13434.3,70,5105.03,94,5904,91,47
Company 237,27902,32378,67,38,10602.76,38,9765.7,69,4185.3,78,1590.41,100,8705,57,11
Company 238,52038,16882,79,33,17172.54,33,18213.3,87,7805.7,100,2966.17,100,2308,78,39
Company 239,57066,46865,34,8,4565.28,8,19973.1,83,8559.9,70,3252.76,21,8009,81,1
Company 240,94563,18179,7,16,15130.08,16,33097.05,54,14184.45,84,5390.09,85,3205,59,19
Company 241,10107,6391,58,38,3840.66,38,3537.45,58,1516.05,65,576.10,7,1275,50,8
Company 242,32221,15870,37,13,4188.73,13,11277.35,76,4833.15,84,1836.60,41,6360,88,66
Company 243,3590,7110,4,7,251.3,7,1256.5,84,538.5,56,204.63,93,1940,53,90
Company 244,41088,58892,95,30,12326.4,30,14380.8,78,6163.2,77,2342.02,28,1620,68,90
Company 245,5235,18875,67,30,1570.5,30,1832.25,99,785.25,78,298.40,77,9394,100,8
Company 246,74933,67782,64,21,15735.93,21,26226.55,99,11239.95,64,4271.18,13,1266,82,16
Company 247,59810,71509,39,18,10765.8,18,20933.5,54,8971.5,88,3409.17,67,3489,87,65
Company 248,85910,24214,35,30,25773,30,30068.5,75,12886.5,62,4896.87,57,8868,70,59
Company 249,56733,8342,90,17,9644.61,17,19856.55,89,8509.95,74,3233.78,41,5521,75,80
Company 250,31904,71425,76,4,1276.16,4,11166.4,66,4785.6,54,1818.53,23,9826,83,69
Company 251,34537,11781,62,6,2072.22,6,12087.95,91,5180.55,62,1968.61,63,8629,57,51
Company 252,13366,1345,67,13,1737.58,13,4678.1,87,2004.9,100,761.86,58,4147,73,79
Company 253,35994,62289,87,36,12957.84,36,12597.9,60,5399.1,99,2051.66,72,9167,72,15
Company 254,13173,12166,75,42,5532.66,42,4610.55,100,1975.95,92,750.86,16,1481,74,41
Company 255,87234,59534,32,3,2617.02,3,30531.9,77,13085.1,99,4972.34,81,8162,78,21
Company 256,47431,55871,45,26,12332.06,26,16600.85,54,7114.65,76,2703.57,47,3013,73,48
Company 257,59132,64045,64,16,9461.12,16,20696.2,69,8869.8,52,3370.52,88,3008,88,15
Company 258,59778,72980,18,18,10760.04,18,20922.3,73,8966.7,86,3407.35,81,5668,90,38
Company 259,65771,16125,90,3,1973.13,3,23019.85,92,9865.65,72,3748.95,54,825,62,75
Company 260,99882,17474,91,33,32961.06,33,34958.7,76,14982.3,75,5693.27,16,1896,84,57
Company 261,74860,68647,89,40,29944,40,26201,63,11229,87,4267.02,75,4350,94,64
Company 262,17604,77563,35,20,3520.8,20,6161.4,74,2640.6,87,1003.43,56,5100,54,19
Company 263,82722,78427,84,29,23989.38,29,28952.7,90,12408.3,75,4715.15,83,4682,67,35
Company 264,51049,74386,52,34,17356.66,34,17867.15,91,7657.35,58,2909.79,37,9107,56,11
Company 265,11191,58333,84,13,1454.83,13,3916.85,73,1678.65,60,637.89,87,418,85,66
Company 266,36657,8731,50,33,12096.81,33,12829.95,60,5498.55,64,2089.45,41,8363,69,73
Company 267,37428,9075,90,9,3368.52,9,13099.8,80,5614.2,75,2133.40,2,6014,62,38
Company 268,87396,69772,60,40,34958.4,40,30588.6,81,13109.4,89,4981.57,48,7234,96,24
Company 269,68599,35074,59,16,10975.84,16,24009.65,54,10289.85,86,3910.14,69,5389,97,56
Company 270,45425,15105,13,2,908.5,2,15898.75,98,6813.75,92,2589.23,90,2780,87,20
Company 271,79749,21789,21,9,7177.41,9,27912.15,81,11962.35,100,4545.69,25,7523,97,24
Company 272,31595,41825,85,11,3475.45,11,11058.25,60,4739.25,88,1800.92,60,2881,50,29
Company 273,80228,57365,10,27,21661.56,27,28079.8,83,12034.2,66,4573.00,5,9446,87,12
Company 274,26872,15190,19,34,9136.48,34,9405.2,89,4030.8,58,1531.70,74,4416,86,4
Company 275,34574,7119,20,44,15212.56,44,12100.9,91,5186.1,84,1970.72,11,2911,81,42
Company 276,82883,2,50,43,35639.69,43,29009.05,81,12432.45,54,4724.33,95,3866,57,93
Company 277,59563,29264,32,18,10721.34,18,20847.05,99,8934.45,88,3395.09,5,4893,50,40
Company 278,80792,42665,64,9,7271.28,9,28277.2,51,12118.8,82,4605.14,81,2306,100,21
Company 279,21215,30391,46,48,10183.2,48,7425.25,97,3182.25,60,1209.26,9,5227,62,81
Company 280,34230,22489,69,27,9242.1,27,11980.5,85,5134.5,56,1951.11,39,4223,55,65
Company 281,76839,74656,69,39,29967.21,39,26893.65,60,11525.85,77,4379.82,4,5411,65,81
Company 282,90265,74394,4,26,23468.9,26,31592.75,95,13539.75,97,5145.11,4,6412,100,19
Company 283,62278,70834,92,47,29270.66,47,21797.3,87,9341.7,71,3549.85,98,2362,51,34
Company 284,72043,71091,92,26,18731.18,26,25215.05,78,10806.45,53,4106.45,8,7833,93,84
Company 285,80084,62765,58,28,22423.52,28,28029.4,65,12012.6,71,4564.79,43,3010,71,53
Company 286,43915,74398,45,6,2634.9,6,15370.25,95,6587.25,65,2503.16,9,5786,99,60
Company 287,60843,14094,80,48,29204.64,48,21295.05,57,9126.45,91,3468.05,46,9107,85,5
Company 288,77815,41969,28,2,1556.3,2,27235.25,76,11672.25,95,4435.46,28,903,76,79
Company 289,23957,47864,49,44,10541.08,44,8384.95,88,3593.55,84,1365.55,89,6891,68,100
Company 290,16374,129,67,37,6058.38,37,5730.9,54,2456.1,68,933.32,68,6882,97,63
Company 291,70102,12445,45,13,9113.26,13,24535.7,66,10515.3,69,3995.81,57,28,56,60
Company 292,78240,73818,49,48,37555.2,48,27384,70,11736,54,4459.68,29,1868,81,48
Company 293,8900,29830,17,15,1335,15,3115,78,1335,51,507.30,26,8500,95,89
Company 294,13727,47177,18,30,4118.1,30,4804.45,80,2059.05,63,782.44,48,1068,98,97
Company 295,15704,14544,2,42,6595.68,42,5496.4,62,2355.6,58,895.13,13,7822,80,33
Company 296,40390,36965,78,1,403.9,1,14136.5,58,6058.5,73,2302.23,56,9950,52,5
Company 297,23203,8594,66,31,7192.93,31,8121.05,89,3480.45,71,1322.57,15,5143,67,79
Company 298,87656,64320,59,22,19284.32,22,30679.6,72,13148.4,94,4996.39,78,1717,50,57
Company 299,48329,75137,84,43,20781.47,43,16915.15,90,7249.35,69,2754.75,39,3462,78,67
Company 300,24251,79530,37,47,11397.97,47,8487.85,62,3637.65,100,1382.31,85,6428,96,82
Company 301,43580,43929,48,4,1743.2,4,15253,66,6537,71,2484.06,11,6365,59,11
Company 302,26737,73014,83,33,8823.21,33,9357.95,61,4010.55,75,1524.01,17,1569,61,23
Company 303,27108,48735,86,14,3795.12,14,9487.8,87,4066.2,93,1545.16,62,6955,88,15
Company 304,24919,14727,93,47,11711.93,47,8721.65,65,3737.85,51,1420.38,19,2287,98,21
Company 305,97875,35995,80,19,18596.25,19,34256.25,93,14681.25,73,5578.88,5,1537,82,85
Company 306,53142,56158,99,6,3188.52,6,18599.7,56,7971.3,74,3029.09,87,2183,72,9
Company 307,71583,8898,3,2,1431.66,2,25054.05,56,10737.45,52,4080.23,11,7933,94,18
Company 308,1457,24315,31,14,203.98,14,509.95,96,218.55,53,83.05,73,7503,89,78
Company 309,74839,2388,85,5,3741.95,5,26193.65,89,11225.85,55,4265.82,81,2127,74,68
Company 310,65385,39525,87,32,20923.2,32,22884.75,63,9807.75,56,3726.95,29,5990,61,99
Company 311,53982,38612,8,29,15654.78,29,18893.7,65,8097.3,71,3076.97,73,7444,78,66
Company 312,27377,61658,44,16,4380.32,16,9581.95,99,4106.55,51,1560.49,80,4229,74,97
Company 313,29508,64044,90,45,13278.6,45,10327.8,88,4426.2,81,1681.96,60,2859,99,30
Company 314,70532,70025,27,25,17633,25,24686.2,56,10579.8,71,4020.32,95,1623,98,35
Company 315,60531,39219,30,22,13316.82,22,21185.85,75,9079.65,61,3450.27,5,6077,81,95
Company 316,66937,23065,57,24,16064.88,24,23427.95,85,10040.55,51,3815.41,79,2488,55,100
Company 317,21409,73333,59,27,5780.43,27,7493.15,54,3211.35,55,1220.31,41,879,94,85
Company 318,66964,79202,96,46,30803.44,46,23437.4,90,10044.6,66,3816.95,22,9503,65,66
Company 319,38165,26705,2,25,9541.25,25,13357.75,100,5724.75,57,2175.41,57,2634,51,81
Company 320,61900,62677,67,13,8047,13,21665,64,9285,53,3528.30,11,3782,52,15
Company 321,159,12579,82,11,17.49,11,55.65,81,23.85,60,9.06,36,2033,90,49
Company 322,5334,41349,82,35,1866.9,35,1866.9,72,800.1,63,304.04,26,2639,75,81
Company 323,12026,49188,62,1,120.26,1,4209.1,53,1803.9,98,685.48,34,5543,94,50
Company 324,47805,7892,6,18,8604.9,18,16731.75,97,7170.75,87,2724.89,19,8551,75,79
Company 325,33614,54814,9,44,14790.16,44,11764.9,97,5042.1,73,1916.00,27,2780,83,90
Company 326,67802,16660,74,21,14238.42,21,23730.7,91,10170.3,60,3864.71,43,3956,83,48
Company 327,5738,60986,65,3,172.14,3,2008.3,100,860.7,50,327.07,21,9941,81,78
Company 328,21901,54899,89,41,8979.41,41,7665.35,93,3285.15,50,1248.36,82,2436,78,86
Company 329,1206,42857,84,24,289.44,24,422.1,91,180.9,99,68.74,51,9677,76,19
Company 330,77070,67091,80,46,35452.2,46,26974.5,59,11560.5,55,4392.99,32,2713,92,96
Company 331,47297,11627,62,44,20810.68,44,16553.95,52,7094.55,80,2695.93,29,8926,64,21
Company 332,56344,75511,95,21,11832.24,21,19720.4,66,8451.6,79,3211.61,73,3378,72,15
Company 333,72867,70381,76,23,16759.41,23,25503.45,56,10930.05,50,4153.42,87,9209,66,62
Company 334,20157,56193,82,20,4031.4,20,7054.95,59,3023.55,75,1148.95,72,5403,50,21
Company 335,33385,40610,93,4,1335.4,4,11684.75,60,5007.75,91,1902.95,95,8876,54,92
Company 336,44636,66038,95,6,2678.16,6,15622.6,59,6695.4,58,2544.25,67,9624,60,96
Company 337,11444,30948,50,41,4692.04,41,4005.4,87,1716.6,60,652.31,87,468,85,58
Company 338,3190,20465,33,29,925.1,29,1116.5,51,478.5,89,181.83,20,2411,73,46
Company 339,3666,33703,34,34,1246.44,34,1283.1,95,549.9,50,208.96,22,9739,67,88
Company 340,4488,476,70,22,987.36,22,1570.8,100,673.2,74,255.82,98,3895,80,13
Company 341,78251,22523,99,33,25822.83,33,27387.85,84,11737.65,72,4460.31,84,9049,76,57
Company 342,6149,63304,53,46,2828.54,46,2152.15,71,922.35,95,350.49,41,9154,80,18
Company 343,29867,2106,22,48,14336.16,48,10453.45,92,4480.05,66,1702.42,8,3796,86,55
Company 344,6549,13529,46,48,3143.52,48,2292.15,80,982.35,69,373.29,10,5598,66,58
Company 345,78046,69879,82,34,26535.64,34,27316.1,56,11706.9,82,4448.62,10,5380,83,76
Company 346,471,4415,83,30,141.3,30,164.85,72,70.65,99,26.85,59,9087,78,17
Company 347,26886,76112,41,23,6183.78,23,9410.1,82,4032.9,94,1532.50,80,6644,89,21
Company 348,88966,30077,86,29,25800.14,29,31138.1,88,13344.9,53,5071.06,25,5613,66,75
Company 349,92576,78807,10,44,40733.44,44,32401.6,62,13886.4,93,5276.83,85,2822,57,71
Company 350,13752,71171,19,20,2750.4,20,4813.2,50,2062.8,59,783.86,7,1629,64,75
Company 351,34954,15721,100,11,3844.94,11,12233.9,93,5243.1,74,1992.38,100,336,54,30
Company 352,95862,79503,26,3,2875.86,3,33551.7,94,14379.3,91,5464.13,16,3108,91,73
Company 353,62472,16610,21,19,11869.68,19,21865.2,100,9370.8,70,3560.90,11,448,72,91
Company 354,9628,23672,86,2,192.56,2,3369.8,51,1444.2,81,548.80,42,7923,93,86
Company 355,88032,74442,24,30,26409.6,30,30811.2,50,13204.8,50,5017.82,100,1912,77,98
Company 356,17890,26117,34,45,8050.5,45,6261.5,59,2683.5,58,1019.73,28,1103,72,32
Company 357,83172,5093,21,48,39922.56,48,29110.2,91,12475.8,64,4740.80,53,2403,59,77
Company 358,57401,11403,27,32,18368.32,32,20090.35,88,8610.15,100,3271.86,79,700,89,43
Company 359,79851,17832,44,41,32738.91,41,27947.85,84,11977.65,95,4551.51,62,7158,70,44
Company 360,88972,56106,91,4,3558.88,4,31140.2,73,13345.8,72,5071.40,63,1746,94,21
Company 361,81841,36228,82,37,30281.17,37,28644.35,55,12276.15,64,4664.94,32,2957,73,33
Company 362,41049,39176,70,25,10262.25,25,14367.15,66,6157.35,74,2339.79,60,6113,95,77
Company 363,49471,75368,17,17,8410.07,17,17314.85,52,7420.65,66,2819.85,49,723,82,82
Company 364,94793,16004,27,5,4739.65,5,33177.55,72,14218.95,98,5403.20,95,7559,84,62
Company 365,36674,125,58,43,15769.82,43,12835.9,75,5501.1,81,2090.42,95,5185,62,35
Company 366,57935,30984,18,38,22015.3,38,20277.25,89,8690.25,50,3302.30,82,1782,77,72
Company 367,17987,43336,81,10,1798.7,10,6295.45,94,2698.05,61,1025.26,80,9308,82,97
Company 368,73288,30425,74,25,18322,25,25650.8,67,10993.2,83,4177.42,80,3671,92,45
Company 369,39603,25597,28,26,10296.78,26,13861.05,81,5940.45,91,2257.37,51,4842,92,15
Company 370,97878,23159,71,35,34257.3,35,34257.3,80,14681.7,95,5579.05,34,2980,91,61
Company 371,55597,63575,58,10,5559.7,10,19458.95,72,8339.55,85,3169.03,31,4694,88,49
Company 372,47865,34755,69,41,19624.65,41,16752.75,98,7179.75,67,2728.31,90,9133,76,46
Company 373,49581,68031,47,10,4958.1,10,17353.35,64,7437.15,79,2826.12,66,7680,89,55
Company 374,61688,55427,21,38,23441.44,38,21590.8,76,9253.2,98,3516.22,31,259,61,53
Company 375,86546,47085,60,45,38945.7,45,30291.1,52,12981.9,90,4933.12,93,1725,86,39
Company 376,56697,60097,90,11,6236.67,11,19843.95,84,8504.55,88,3231.73,6,5786,70,65
Company 377,5185,18524,2,10,518.5,10,1814.75,99,777.75,100,295.55,95,5418,75,42
Company 378,52968,47972,91,26,13771.68,26,18538.8,95,7945.2,95,3019.18,61,6083,68,89
Company 379,97512,67361,3,34,33154.08,34,34129.2,94,14626.8,51,5558.18,10,914,94,29
Company 380,85570,49915,84,29,24815.3,29,29949.5,67,12835.5,64,4877.49,59,8214,72,96
Company 381,18611,64120,74,14,2605.54,14,6513.85,98,2791.65,96,1060.83,32,1325,74,6
Company 382,72351,52963,54,5,3617.55,5,25322.85,90,10852.65,56,4124.01,47,585,99,64
Company 383,14129,5694,65,36,5086.44,36,4945.15,80,2119.35,97,805.35,86,44,75,43
Company 384,86063,49331,14,20,17212.6,20,30122.05,83,12909.45,75,4905.59,78,2315,90,63
Company 385,24877,24261,16,47,11692.19,47,8706.95,62,3731.55,74,1417.99,53,4417,87,16
Company 386,88850,54534,88,33,29320.5,33,31097.5,58,13327.5,86,5064.45,36,5025,67,93
Company 387,77587,60591,18,14,10862.18,14,27155.45,96,11638.05,90,4422.46,23,3055,51,80
Company 388,25378,6839,43,40,10151.2,40,8882.3,81,3806.7,100,1446.55,92,4624,72,51
Company 389,42776,40284,57,13,5560.88,13,14971.6,83,6416.4,73,2438.23,20,7425,53,77
Company 390,47941,57143,51,39,18696.99,39,16779.35,51,7191.15,94,2732.64,62,2576,71,78
Company 391,22657,53465,56,32,7250.24,32,7929.95,57,3398.55,58,1291.45,64,4194,68,82
Company 392,51624,49139,5,40,20649.6,40,18068.4,83,7743.6,51,2942.57,88,1866,53,47
Company 393,5174,18159,51,22,1138.28,22,1810.9,58,776.1,81,294.92,79,8737,54,99
Company 394,19742,56665,100,27,5330.34,27,6909.7,80,2961.3,80,1125.29,63,2781,61,64
Company 395,62242,10210,64,6,3734.52,6,21784.7,86,9336.3,53,3547.79,76,3530,56,13
Company 396,5087,24345,43,16,813.92,16,1780.45,53,763.05,90,289.96,37,7280,65,39
Company 397,84193,49229,10,1,841.93,1,29467.55,76,12628.95,64,4799.00,46,912,55,72
Company 398,87778,72883,28,25,21944.5,25,30722.3,67,13166.7,97,5003.35,21,8523,57,33
Company 399,4493,71943,17,29,1302.97,29,1572.55,68,673.95,57,256.10,26,2779,91,40
Company 400,58826,30628,10,24,14118.24,24,20589.1,59,8823.9,82,3353.08,89,7140,89,94
Company 401,9770,48327,22,30,2931,30,3419.5,89,1465.5,59,556.89,19,6937,83,10
Company 402,67834,46747,10,30,20350.2,30,23741.9,92,10175.1,79,3866.54,59,8376,73,76
Company 403,94383,71278,59,33,31146.39,33,33034.05,86,14157.45,75,5379.83,34,8204,80,33
Company 404,87805,24394,53,15,13170.75,15,30731.75,59,13170.75,80,5004.89,32,596,93,26
Company 405,51173,40047,80,26,13304.98,26,17910.55,53,7675.95,96,2916.86,21,4531,77,78
Company 406,31445,2291,60,38,11949.1,38,11005.75,60,4716.75,57,1792.37,94,9159,60,66
Company 407,68046,6435,6,45,30620.7,45,23816.1,84,10206.9,94,3878.62,4,7152,50,59
Company 408,28252,45978,69,36,10170.72,36,9888.2,73,4237.8,50,1610.36,81,6008,76,64
Company 409,8098,77301,81,22,1781.56,22,2834.3,98,1214.7,61,461.59,42,2679,86,76
Company 410,18190,71926,13,18,3274.2,18,6366.5,80,2728.5,83,1036.83,33,1775,85,24
Company 411,28785,33636,76,44,12665.4,44,10074.75,93,4317.75,99,1640.75,22,564,62,57
Company 412,41208,43123,77,25,10302,25,14422.8,56,6181.2,90,2348.86,55,5892,95,4
Company 413,75803,41561,31,12,9096.36,12,26531.05,98,11370.45,88,4320.77,76,3029,51,53
Company 414,52495,71216,4,47,24672.65,47,18373.25,55,7874.25,57,2992.22,8,2742,85,2
Company 415,29426,77822,39,8,2354.08,8,10299.1,91,4413.9,94,1677.28,39,526,91,31
Company 416,65541,57802,18,5,3277.05,5,22939.35,72,9831.15,58,3735.84,55,4849,66,51
Company 417,6356,62566,81,9,572.04,9,2224.6,79,953.4,51,362.29,84,3307,96,74
Company 418,28167,61294,37,3,845.01,3,9858.45,53,4225.05,96,1605.52,7,2129,100,64
Company 419,80057,35038,28,44,35225.08,44,28019.95,69,12008.55,90,4563.25,67,7647,77,23
Company 420,21366,7377,61,8,1709.28,8,7478.1,60,3204.9,81,1217.86,9,5487,99,23
Company 421,86078,23783,40,24,20658.72,24,30127.3,67,12911.7,72,4906.45,26,756,55,55
Company 422,63364,16001,36,11,6970.04,11,22177.4,64,9504.6,71,3611.75,35,8221,96,5
Company 423,7934,51764,5,20,1586.8,20,2776.9,95,1190.1,74,452.24,70,9254,64,49
Company 424,81080,64771,8,48,38918.4,48,28378,76,12162,78,4621.56,12,4647,90,88
Company 425,33853,47000,4,40,13541.2,40,11848.55,73,5077.95,91,1929.62,9,3401,86,65
Company 426,28330,46963,14,29,8215.7,29,9915.5,80,4249.5,76,1614.81,39,3544,93,37
Company 427,98227,33801,92,26,25539.02,26,34379.45,76,14734.05,78,5598.94,76,5176,92,4
Company 428,20745,64243,67,17,3526.65,17,7260.75,80,3111.75,68,1182.47,38,9440,83,4
Company 429,51211,49674,75,25,12802.75,25,17923.85,78,7681.65,62,2919.03,52,6170,69,45
Company 430,20816,76091,83,2,416.32,2,7285.6,93,3122.4,93,1186.51,99,3834,77,68
Company 431,36099,79596,20,33,11912.67,33,12634.65,71,5414.85,52,2057.64,30,5628,53,19
Company 432,81700,6623,70,42,34314,42,28595,50,12255,64,4656.90,68,5804,88,18
Company 433,29140,38858,96,29,8450.6,29,10199,64,4371,89,1660.98,24,2499,87,12
Company 434,73212,18805,59,41,30016.92,41,25624.2,97,10981.8,99,4173.08,17,9569,67,4
Company 435,93827,22764,84,28,26271.56,28,32839.45,69,14074.05,79,5348.14,87,8635,63,16
Company 436,24414,60103,72,28,6835.92,28,8544.9,97,3662.1,92,1391.60,47,8607,75,2
Company 437,43832,11391,10,31,13587.92,31,15341.2,69,6574.8,98,2498.42,49,2909,92,78
Company 438,79337,28143,70,9,7140.33,9,27767.95,64,11900.55,61,4522.21,26,6371,50,47
Company 439,44043,10940,38,18,7927.74,18,15415.05,54,6606.45,73,2510.45,99,8413,94,12
Company 440,23242,59000,57,32,7437.44,32,8134.7,72,3486.3,95,1324.79,82,6846,62,48
Company 441,79837,50942,8,45,35926.65,45,27942.95,53,11975.55,98,4550.71,67,8569,62,32
Company 442,62726,79229,32,8,5018.08,8,21954.1,83,9408.9,65,3575.38,50,9773,76,55
Company 443,8088,71686,4,7,566.16,7,2830.8,54,1213.2,89,461.02,75,8195,100,71
Company 444,28485,59125,23,24,6836.4,24,9969.75,95,4272.75,62,1623.65,30,5813,69,36
Company 445,67923,61091,63,36,24452.28,36,23773.05,61,10188.45,82,3871.61,96,3672,73,69
Company 446,14080,17160,7,37,5209.6,37,4928,82,2112,82,802.56,57,8748,79,34
Company 447,38052,26820,29,32,12176.64,32,13318.2,94,5707.8,81,2168.96,27,904,94,71
Company 448,93136,27698,90,9,8382.24,9,32597.6,66,13970.4,84,5308.75,57,6013,62,23
Company 449,20011,35183,83,5,1000.55,5,7003.85,82,3001.65,100,1140.63,53,5953,97,18
Company 450,94658,39432,27,18,17038.44,18,33130.3,85,14198.7,91,5395.51,13,2996,79,77
Company 451,93927,46233,59,8,7514.16,8,32874.45,74,14089.05,70,5353.84,90,604,94,96
Company 452,59590,77663,75,34,20260.6,34,20856.5,86,8938.5,90,3396.63,54,2742,90,52
Company 453,21082,4467,7,18,3794.76,18,7378.7,51,3162.3,77,1201.67,41,6902,60,32
Company 454,37516,36503,15,20,7503.2,20,13130.6,82,5627.4,66,2138.41,62,906,52,87
Company 455,74376,47126,53,49,36444.24,49,26031.6,50,11156.4,53,4239.43,4,4701,91,43
Company 456,83136,43116,47,3,2494.08,3,29097.6,64,12470.4,97,4738.75,68,5499,57,63
Company 457,96682,18985,22,25,24170.5,25,33838.7,51,14502.3,79,5510.87,97,880,58,66
Company 458,67347,25857,7,22,14816.34,22,23571.45,65,10102.05,52,3838.78,90,6642,85,55
Company 459,74642,19923,24,49,36574.58,49,26124.7,84,11196.3,62,4254.59,78,4215,75,53
Company 460,43217,77853,15,7,3025.19,7,15125.95,55,6482.55,100,2463.37,90,5535,95,97
Company 461,24944,62338,99,16,3991.04,16,8730.4,60,3741.6,100,1421.81,89,7363,97,43
Company 462,23755,28057,63,41,9739.55,41,8314.25,90,3563.25,76,1354.04,87,1041,95,82
Company 463,1909,29368,37,47,897.23,47,668.15,58,286.35,84,108.81,65,9806,66,45
Company 464,2099,35814,59,47,986.53,47,734.65,94,314.85,81,119.64,65,6032,77,30
Company 465,92622,66711,48,26,24081.72,26,32417.7,50,13893.3,96,5279.45,63,3898,57,59
Company 466,5376,68669,28,9,483.84,9,1881.6,66,806.4,97,306.43,37,750,65,38
Company 467,8333,23255,83,29,2416.57,29,2916.55,85,1249.95,76,474.98,44,7653,65,22
Company 468,77977,9071,77,44,34309.88,44,27291.95,97,11696.55,86,4444.69,65,4247,93,17
Company 469,79726,55833,42,13,10364.38,13,27904.1,84,11958.9,92,4544.38,11,8986,68,80
Company 470,37450,31984,65,20,7490,20,13107.5,93,5617.5,51,2134.65,18,7983,99,79
Company 471,59499,49348,2,2,1189.98,2,20824.65,59,8924.85,75,3391.44,7,8614,72,98
Company 472,69962,3084,57,29,20288.98,29,24486.7,82,10494.3,53,3987.83,92,7949,85,28
Company 473,91298,8846,61,39,35606.22,39,31954.3,65,13694.7,54,5203.99,38,1673,66,81
Company 474,89319,33506,69,29,25902.51,29,31261.65,91,13397.85,57,5091.18,34,555,62,25
Company 475,35099,55985,85,32,11231.68,32,12284.65,51,5264.85,54,2000.64,98,9155,98,40
Company 476,26722,14033,70,27,7214.94,27,9352.7,80,4008.3,60,1523.15,55,721,88,90
Company 477,8264,22628,25,23,1900.72,23,2892.4,54,1239.6,60,471.05,19,7679,81,81
Company 478,70273,76915,28,8,5621.84,8,24595.55,55,10540.95,64,4005.56,77,682,100,8
Company 479,31918,5333,44,48,15320.64,48,11171.3,54,4787.7,64,1819.33,72,7684,68,74
Company 480,28743,12246,3,44,12646.92,44,10060.05,84,4311.45,56,1638.35,57,5597,69,12
Company 481,9511,66895,43,47,4470.17,47,3328.85,98,1426.65,66,542.13,32,9806,98,93
Company 482,52442,6069,36,25,13110.5,25,18354.7,55,7866.3,50,2989.19,6,7280,56,15
Company 483,95903,16433,96,8,7672.24,8,33566.05,95,14385.45,77,5466.47,70,4510,74,61
Company 484,43876,46967,32,26,11407.76,26,15356.6,72,6581.4,94,2500.93,100,6085,51,70
Company 485,34251,68941,36,45,15412.95,45,11987.85,64,5137.65,61,1952.31,97,3577,94,37
Company 486,4510,63030,97,13,586.3,13,1578.5,63,676.5,53,257.07,25,4473,58,67
Company 487,15363,62731,78,20,3072.6,20,5377.05,61,2304.45,69,875.69,78,8878,83,82
Company 488,8640,60405,17,3,259.2,3,3024,64,1296,94,492.48,64,4053,62,33
Company 489,89319,75987,14,33,29475.27,33,31261.65,95,13397.85,96,5091.18,11,5010,84,60
Company 490,54949,59266,80,47,25826.03,47,19232.15,97,8242.35,67,3132.09,27,1720,67,87
Company 491,74936,21652,43,8,5994.88,8,26227.6,92,11240.4,55,4271.35,16,4457,53,51
Company 492,12549,30615,30,29,3639.21,29,4392.15,52,1882.35,68,715.29,1,6930,81,85
Company 493,42812,45943,55,11,4709.32,11,14984.2,79,6421.8,79,2440.28,8,7408,97,76
Company 494,7308,12385,15,49,3580.92,49,2557.8,54,1096.2,68,416.56,50,8267,92,86
Company 495,887,47089,24,12,106.44,12,310.45,55,133.05,89,50.56,52,4386,80,58
Company 496,1920,57309,75,37,710.4,37,672,77,288,80,109.44,42,375,94,18
Company 497,86714,59053,57,28,24279.92,28,30349.9,75,13007.1,55,4942.70,15,5203,93,48
Company 498,9555,54739,14,25,2388.75,25,3344.25,61,1433.25,68,544.64,45,107,77,80
Company 499,14100,61223,97,1,141,1,4935,58,2115,89,803.70,73,5967,56,65
Company 500,28360,39813,17,19,5388.4,19,9926,62,4254,72,1616.52,96,6147,77,45
Company 501,56084,15233,67,3,1682.52,3,19629.4,81,8412.6,63,3196.79,7,9922,93,1
Company 502,77585,59323,52,35,27154.75,35,27154.75,72,11637.75,65,4422.35,92,9202,50,68
Company 503,39535,49083,61,47,18581.45,47,13837.25,98,5930.25,93,2253.50,99,9521,74,85
Company 504,12436,62277,33,10,1243.6,10,4352.6,92,1865.4,61,708.85,100,3571,72,14
Company 505,33849,64586,59,2,676.98,2,11847.15,58,5077.35,79,1929.39,26,4665,52,58
Company 506,53690,66239,57,49,26308.1,49,18791.5,70,8053.5,93,3060.33,95,1036,72,35
Company 507,3963,28495,23,45,1783.35,45,1387.05,51,594.45,93,225.89,55,5173,66,21
Company 508,91977,34936,69,34,31272.18,34,32191.95,98,13796.55,92,5242.69,93,934,58,3
Company 509,36507,9570,42,6,2190.42,6,12777.45,56,5476.05,86,2080.90,76,5454,94,40
Company 510,26765,68033,93,21,5620.65,21,9367.75,91,4014.75,54,1525.61,83,8337,65,72
Company 511,8118,16460,73,22,1785.96,22,2841.3,71,1217.7,91,462.73,31,1207,98,67
Company 512,35631,59201,83,38,13539.78,38,12470.85,57,5344.65,97,2030.97,77,5888,58,6
Company 513,2466,76753,3,33,813.78,33,863.1,95,369.9,90,140.56,9,6839,76,90
Company 514,14979,32087,64,47,7040.13,47,5242.65,64,2246.85,72,853.80,86,2688,63,95
Company 515,66987,66929,59,1,669.87,1,23445.45,86,10048.05,51,3818.26,65,9729,89,11
Company 516,15232,35206,56,29,4417.28,29,5331.2,84,2284.8,87,868.22,90,7540,91,61
Company 517,62268,27825,86,7,4358.76,7,21793.8,100,9340.2,92,3549.28,93,319,64,6
Company 518,21800,7801,71,41,8938,41,7630,98,3270,97,1242.60,88,27,82,87
Company 519,29321,415,61,33,9675.93,33,10262.35,81,4398.15,61,1671.30,41,8284,88,48
Company 520,68631,42288,44,36,24707.16,36,24020.85,87,10294.65,73,3911.97,51,8763,50,82
Company 521,41410,37592,95,5,2070.5,5,14493.5,67,6211.5,57,2360.37,12,5856,81,75
Company 522,89931,20899,35,10,8993.1,10,31475.85,58,13489.65,65,5126.07,73,6554,96,95
Company 523,21501,67155,66,23,4945.23,23,7525.35,51,3225.15,84,1225.56,64,9125,76,90
Company 524,70090,44661,13,29,20326.1,29,24531.5,80,10513.5,83,3995.13,11,9974,66,7
Company 525,1457,19836,21,30,437.1,30,509.95,54,218.55,71,83.05,2,3213,70,54
Company 526,61224,24306,58,16,9795.84,16,21428.4,88,9183.6,84,3489.77,56,9019,97,18
Company 527,61749,61623,23,29,17907.21,29,21612.15,56,9262.35,91,3519.69,46,9713,92,53
Company 528,5871,25256,90,30,1761.3,30,2054.85,57,880.65,96,334.65,53,8280,91,96
Company 529,30917,53908,30,28,8656.76,28,10820.95,69,4637.55,87,1762.27,20,9184,98,1
Company 530,81475,69559,49,18,14665.5,18,28516.25,52,12221.25,86,4644.08,54,5272,72,33
Company 531,54374,20482,27,31,16855.94,31,19030.9,98,8156.1,83,3099.32,26,8004,79,7
Company 532,46372,15875,84,43,19939.96,43,16230.2,66,6955.8,73,2643.20,51,6598,94,52
Company 533,75606,25233,55,49,37046.94,49,26462.1,90,11340.9,94,4309.54,62,1424,63,100
Company 534,1501,64245,8,37,555.37,37,525.35,58,225.15,54,85.56,59,4927,84,39
Company 535,10284,11612,54,37,3805.08,37,3599.4,79,1542.6,90,586.19,49,3427,98,96
Company 536,92926,58477,5,4,3717.04,4,32524.1,82,13938.9,79,5296.78,25,9050,92,84
Company 537,57836,26342,92,24,13880.64,24,20242.6,98,8675.4,68,3296.65,77,155,73,20
Company 538,80411,68562,46,39,31360.29,39,28143.85,59,12061.65,76,4583.43,50,944,54,95
Company 539,95906,19461,40,30,28771.8,30,33567.1,66,14385.9,75,5466.64,91,1110,69,95
Company 540,57507,78217,22,9,5175.63,9,20127.45,54,8626.05,88,3277.90,100,2582,72,39
Company 541,3194,41942,23,49,1565.06,49,1117.9,52,479.1,51,182.06,22,9194,58,58
Company 542,58771,65736,29,41,24096.11,41,20569.85,88,8815.65,73,3349.95,78,7442,92,81
Company 543,95766,69080,53,50,47883,50,33518.1,75,14364.9,73,5458.66,82,4560,63,23
Company 544,95225,9160,25,32,30472,32,33328.75,63,14283.75,79,5427.83,79,6429,71,85
Company 545,69449,17860,91,44,30557.56,44,24307.15,51,10417.35,56,3958.59,99,748,53,97
Company 546,9621,78969,84,32,3078.72,32,3367.35,82,1443.15,51,548.40,32,410,69,74
Company 547,94005,20673,22,3,2820.15,3,32901.75,62,14100.75,98,5358.29,56,7582,84,48
Company 548,30623,29906,44,27,8268.21,27,10718.05,82,4593.45,87,1745.51,47,5788,76,33
Company 549,59768,30023,18,3,1793.04,3,20918.8,59,8965.2,85,3406.78,97,5313,88,15
Company 550,2041,53474,76,17,346.97,17,714.35,84,306.15,82,116.34,88,9405,72,10
Company 551,50815,18172,76,36,18293.4,36,17785.25,64,7622.25,74,2896.46,54,4364,70,85
Company 552,55475,42076,72,44,24409,44,19416.25,76,8321.25,94,3162.08,73,4894,65,31
Company 553,97109,54273,44,43,41756.87,43,33988.15,76,14566.35,79,5535.21,58,6492,75,63
Company 554,3072,15107,7,4,122.88,4,1075.2,53,460.8,50,175.10,92,6197,56,5
Company 555,57450,72148,4,4,2298,4,20107.5,52,8617.5,65,3274.65,68,8159,75,73
Company 556,36429,64983,29,48,17485.92,48,12750.15,81,5464.35,66,2076.45,45,8978,69,95
Company 557,80025,40805,19,21,16805.25,21,28008.75,72,12003.75,75,4561.43,5,9446,53,95
Company 558,17605,3463,78,47,8274.35,47,6161.75,61,2640.75,54,1003.49,27,1510,75,1
Company 559,2368,79664,78,13,307.84,13,828.8,75,355.2,59,134.98,68,4,58,23
Company 560,24651,33546,61,16,3944.16,16,8627.85,68,3697.65,99,1405.11,47,3711,87,43
Company 561,90371,78795,43,21,18977.91,21,31629.85,100,13555.65,52,5151.15,36,4274,93,53
Company 562,15381,34531,18,12,1845.72,12,5383.35,68,2307.15,66,876.72,2,588,95,58
Company 563,42452,18761,54,47,19952.44,47,14858.2,96,6367.8,82,2419.76,53,4776,62,5
Company 564,20366,9485,38,39,7942.74,39,7128.1,82,3054.9,69,1160.86,65,4568,89,37
Company 565,65211,11810,50,3,1956.33,3,22823.85,92,9781.65,85,3717.03,37,9219,92,8
Company 566,70652,11314,98,27,19076.04,27,24728.2,63,10597.8,54,4027.16,52,8338,84,28
Company 567,1344,5520,19,19,255.36,19,470.4,91,201.6,99,76.61,66,3214,65,35
Company 568,88272,10379,42,46,40605.12,46,30895.2,77,13240.8,52,5031.50,100,4705,58,80
Company 569,89880,2813,23,15,13482,15,31458,74,13482,92,5123.16,40,4772,60,59
Company 570,10723,20929,55,28,3002.44,28,3753.05,84,1608.45,55,611.21,29,5188,79,51
Company 571,53110,22168,13,33,17526.3,33,18588.5,79,7966.5,98,3027.27,91,2272,81,30
Company 572,54986,8766,48,9,4948.74,9,19245.1,75,8247.9,86,3134.20,82,8900,76,39
Company 573,28761,14076,64,25,7190.25,25,10066.35,99,4314.15,84,1639.38,84,2650,70,33
Company 574,6618,49327,84,28,1853.04,28,2316.3,72,992.7,85,377.23,45,201,55,49
Company 575,93186,63306,90,50,46593,50,32615.1,95,13977.9,93,5311.60,57,2963,79,37
Company 576,94061,47064,14,7,6584.27,7,32921.35,70,14109.15,88,5361.48,3,785,94,89
Company 577,85336,42603,24,17,14507.12,17,29867.6,92,12800.4,80,4864.15,59,9306,72,77
Company 578,46524,23634,7,38,17679.12,38,16283.4,97,6978.6,72,2651.87,4,6644,86,52
Company 579,59847,24357,42,28,16757.16,28,20946.45,70,8977.05,69,3411.28,82,2789,92,46
Company 580,53649,18989,18,27,14485.23,27,18777.15,60,8047.35,58,3057.99,58,7237,66,15
Company 581,97516,7005,17,8,7801.28,8,34130.6,66,14627.4,90,5558.41,77,9476,79,61
Company 582,28388,36783,15,38,10787.44,38,9935.8,51,4258.2,89,1618.12,40,3502,73,61
Company 583,84639,11135,93,36,30470.04,36,29623.65,67,12695.85,60,4824.42,16,8466,88,11
Company 584,18354,66207,15,15,2753.1,15,6423.9,57,2753.1,55,1046.18,64,754,51,41
Company 585,52831,30776,25,17,8981.27,17,18490.85,60,7924.65,57,3011.37,27,572,95,87
Company 586,38914,31112,100,5,1945.7,5,13619.9,99,5837.1,63,2218.10,95,1682,76,41
Company 587,23086,59261,84,30,6925.8,30,8080.1,99,3462.9,90,1315.90,4,4416,92,52
Company 588,29849,41525,86,9,2686.41,9,10447.15,61,4477.35,83,1701.39,82,8329,82,62
Company 589,97047,58841,83,2,1940.94,2,33966.45,92,14557.05,50,5531.68,71,2634,92,86
Company 590,71476,78441,94,8,5718.08,8,25016.6,96,10721.4,84,4074.13,93,7816,51,57
Company 591,97152,75416,14,12,11658.24,12,34003.2,81,14572.8,61,5537.66,73,2948,58,59
Company 592,48567,65319,49,20,9713.4,20,16998.45,87,7285.05,58,2768.32,53,238,79,32
Company 593,94848,32260,77,15,14227.2,15,33196.8,55,14227.2,91,5406.34,24,7628,89,31
Company 594,92261,36250,71,24,22142.64,24,32291.35,56,13839.15,54,5258.88,61,5971,100,62
Company 595,99202,53721,53,44,43648.88,44,34720.7,78,14880.3,70,5654.51,15,7947,95,59
Company 596,69397,19883,82,23,15961.31,23,24288.95,84,10409.55,69,3955.63,7,7818,64,73
Company 597,1049,56711,27,33,346.17,33,367.15,99,157.35,79,59.79,84,5620,51,80
Company 598,67149,35557,66,1,671.49,1,23502.15,61,10072.35,95,3827.49,76,3646,73,66
Company 599,54493,17558,41,31,16892.83,31,19072.55,81,8173.95,60,3106.10,10,3096,82,46
Company 600,83043,69127,82,14,11626.02,14,29065.05,96,12456.45,97,4733.45,36,2601,94,22
Company 601,88784,58642,38,37,32850.08,37,31074.4,86,13317.6,96,5060.69,60,1976,95,63
Company 602,64844,29291,69,47,30476.68,47,22695.4,94,9726.6,84,3696.11,70,5854,67,72
Company 603,78746,60392,46,10,7874.6,10,27561.1,85,11811.9,76,4488.52,92,3095,64,56
Company 604,1945,61307,99,29,564.05,29,680.75,82,291.75,77,110.87,48,9979,80,79
Company 605,62387,13477,24,2,1247.74,2,21835.45,89,9358.05,82,3556.06,60,3848,88,19
Company 606,32496,64745,45,16,5199.36,16,11373.6,76,4874.4,76,1852.27,86,3501,90,48
Company 607,79966,72736,88,8,6397.28,8,27988.1,95,11994.9,85,4558.06,74,515,71,97
Company 608,94425,66639,64,2,1888.5,2,33048.75,77,14163.75,76,5382.23,40,8633,54,36
Company 609,55095,75126,21,39,21487.05,39,19283.25,60,8264.25,88,3140.42,6,4300,76,30
Company 610,13970,8962,26,42,5867.4,42,4889.5,90,2095.5,59,796.29,84,3106,66,41
Company 611,37692,31740,87,16,6030.72,16,13192.2,82,5653.8,70,2148.44,3,6280,90,82
Company 612,18438,75519,58,23,4240.74,23,6453.3,57,2765.7,71,1050.97,51,7644,64,48
Company 613,22752,42604,65,10,2275.2,10,7963.2,60,3412.8,81,1296.86,67,7590,86,71
Company 614,24629,73081,34,4,985.16,4,8620.15,52,3694.35,61,1403.85,87,8247,80,32
Company 615,22725,77294,91,10,2272.5,10,7953.75,100,3408.75,72,1295.33,33,6345,79,95
Company 616,652,58624,35,30,195.6,30,228.2,64,97.8,70,37.16,52,7470,92,70
Company 617,57334,33658,97,14,8026.76,14,20066.9,74,8600.1,89,3268.04,83,3064,92,21
Company 618,62766,36028,54,32,20085.12,32,21968.1,58,9414.9,95,3577.66,100,6396,66,49
Company 619,28836,67054,84,42,12111.12,42,10092.6,88,4325.4,91,1643.65,48,8558,74,67
Company 620,17754,27650,100,10,1775.4,10,6213.9,84,2663.1,90,1011.98,78,6399,51,68
Company 621,57904,44106,46,22,12738.88,22,20266.4,72,8685.6,56,3300.53,87,5462,90,47
Company 622,31778,53901,47,26,8262.28,26,11122.3,61,4766.7,73,1811.35,60,4860,83,62
Company 623,59671,47740,57,26,15514.46,26,20884.85,69,8950.65,76,3401.25,33,8303,65,63
Company 624,70176,38266,11,31,21754.56,31,24561.6,55,10526.4,72,4000.03,57,3156,58,92
Company 625,79065,64301,24,5,3953.25,5,27672.75,92,11859.75,57,4506.71,60,1224,67,93
Company 626,90579,26553,42,39,35325.81,39,31702.65,88,13586.85,75,5163.00,30,4875,61,61
Company 627,56167,76673,100,8,4493.36,8,19658.45,86,8425.05,96,3201.52,91,4384,99,98
Company 628,24274,27101,2,12,2912.88,12,8495.9,59,3641.1,85,1383.62,94,5153,65,53
Company 629,19192,22834,94,41,7868.72,41,6717.2,53,2878.8,67,1093.94,67,6383,75,99
Company 630,49692,11020,87,46,22858.32,46,17392.2,51,7453.8,98,2832.44,23,4307,81,68
Company 631,49810,8859,77,24,11954.4,24,17433.5,93,7471.5,93,2839.17,75,649,61,45
Company 632,22763,62704,23,36,8194.68,36,7967.05,52,3414.45,91,1297.49,47,6789,99,86
Company 633,13400,27407,68,49,6566,49,4690,59,2010,100,763.80,59,4981,61,72
Company 634,12017,63018,69,1,120.17,1,4205.95,94,1802.55,67,684.97,4,514,81,49
Company 635,36769,3894,19,35,12869.15,35,12869.15,88,5515.35,63,2095.83,84,621,99,96
Company 636,41408,29345,21,9,3726.72,9,14492.8,83,6211.2,77,2360.26,92,1111,60,85
Company 637,10826,64533,86,43,4655.18,43,3789.1,80,1623.9,99,617.08,81,3412,78,3
Company 638,98901,47545,100,13,12857.13,13,34615.35,92,14835.15,70,5637.36,48,9023,67,10
Company 639,12682,37544,41,44,5580.08,44,4438.7,51,1902.3,70,722.87,31,9229,60,30
Company 640,73847,42460,18,16,11815.52,16,25846.45,86,11077.05,55,4209.28,78,4283,83,20
Company 641,31356,34482,61,28,8779.68,28,10974.6,69,4703.4,89,1787.29,19,9189,90,89
Company 642,10016,44964,61,50,5008,50,3505.6,94,1502.4,51,570.91,60,9205,72,91
Company 643,52307,26253,41,18,9415.26,18,18307.45,84,7846.05,76,2981.50,50,5285,57,8
Company 644,77966,76281,70,41,31966.06,41,27288.1,94,11694.9,95,4444.06,67,6571,99,81
Company 645,64103,62074,25,32,20512.96,32,22436.05,79,9615.45,52,3653.87,70,5795,65,32
Company 646,73520,75985,59,10,7352,10,25732,97,11028,64,4190.64,42,167,71,35
Company 647,17335,36158,95,9,1560.15,9,6067.25,77,2600.25,81,988.10,3,4272,51,95
Company 648,35636,8278,84,47,16748.92,47,12472.6,99,5345.4,63,2031.25,16,5805,59,66
Company 649,81061,10265,22,31,25128.91,31,28371.35,92,12159.15,84,4620.48,23,3864,85,59
Company 650,81478,52739,48,8,6518.24,8,28517.3,65,12221.7,68,4644.25,73,8078,77,5
Company 651,20157,63770,20,16,3225.12,16,7054.95,83,3023.55,80,1148.95,30,7653,78,89
Company 652,27368,62148,80,24,6568.32,24,9578.8,65,4105.2,91,1559.98,62,7877,82,27
Company 653,78235,4445,81,19,14864.65,19,27382.25,54,11735.25,89,4459.40,78,9565,71,42
Company 654,15859,29518,86,23,3647.57,23,5550.65,98,2378.85,62,903.96,28,9104,86,43
Company 655,75994,21652,63,6,4559.64,6,26597.9,50,11399.1,66,4331.66,86,1357,50,29
Company 656,76559,77505,49,42,32154.78,42,26795.65,84,11483.85,79,4363.86,93,7915,89,36
Company 657,78967,15234,4,11,8686.37,11,27638.45,73,11845.05,74,4501.12,12,8051,55,54
Company 658,82608,52318,12,50,41304,50,28912.8,66,12391.2,71,4708.66,46,1275,57,92
Company 659,23701,55388,47,41,9717.41,41,8295.35,82,3555.15,55,1350.96,47,1986,54,80
Company 660,93920,2407,49,28,26297.6,28,32872,87,14088,65,5353.44,48,1912,98,37
Company 661,26961,56737,50,45,12132.45,45,9436.35,62,4044.15,98,1536.78,7,6304,85,1
Company 662,55228,34343,18,10,5522.8,10,19329.8,88,8284.2,79,3148.00,85,3273,50,79
Company 663,79576,60917,79,34,27055.84,34,27851.6,77,11936.4,88,4535.83,23,3000,63,87
Company 664,95780,28884,88,5,4789,5,33523,52,14367,51,5459.46,37,4193,82,69
Company 665,20115,68571,35,16,3218.4,16,7040.25,76,3017.25,80,1146.56,55,876,57,100
Company 666,71455,16023,37,3,2143.65,3,25009.25,75,10718.25,67,4072.94,58,7074,91,8
Company 667,36122,56952,20,25,9030.5,25,12642.7,55,5418.3,95,2058.95,94,6476,84,24
Company 668,74481,69568,74,6,4468.86,6,26068.35,61,11172.15,59,4245.42,58,5469,82,12
Company 669,32223,10798,93,46,14822.58,46,11278.05,81,4833.45,89,1836.71,22,5623,89,57
Company 670,93997,74955,70,15,14099.55,15,32898.95,83,14099.55,58,5357.83,79,9534,66,31
Company 671,18864,37667,94,31,5847.84,31,6602.4,95,2829.6,90,1075.25,11,4634,69,42
Company 672,99923,69429,29,6,5995.38,6,34973.05,64,14988.45,69,5695.61,21,8610,56,61
Company 673,46809,60332,76,3,1404.27,3,16383.15,62,7021.35,80,2668.11,35,6200,65,92
Company 674,83910,2075,27,15,12586.5,15,29368.5,63,12586.5,62,4782.87,52,7388,64,78
Company 675,39498,36401,95,5,1974.9,5,13824.3,63,5924.7,68,2251.39,100,2483,94,53
Company 676,50636,6850,55,4,2025.44,4,17722.6,77,7595.4,69,2886.25,66,4104,93,78
Company 677,88058,17168,4,40,35223.2,40,30820.3,71,13208.7,61,5019.31,91,9708,76,11
Company 678,64157,73740,70,35,22454.95,35,22454.95,89,9623.55,52,3656.95,59,7095,88,44
Company 679,38243,75975,39,35,13385.05,35,13385.05,72,5736.45,90,2179.85,23,7017,91,15
Company 680,82397,28886,62,48,39550.56,48,28838.95,98,12359.55,61,4696.63,32,6507,74,6
Company 681,61481,56559,34,13,7992.53,13,21518.35,65,9222.15,72,3504.42,31,5548,99,42
Company 682,24761,28863,96,23,5695.03,23,8666.35,80,3714.15,57,1411.38,90,9958,67,81
Company 683,58314,67235,73,33,19243.62,33,20409.9,82,8747.1,90,3323.90,57,4059,96,10
Company 684,59690,28705,33,26,15519.4,26,20891.5,78,8953.5,81,3402.33,5,9835,87,14
Company 685,54365,45989,49,7,3805.55,7,19027.75,84,8154.75,85,3098.81,90,4424,91,68
Company 686,96464,26334,1,48,46302.72,48,33762.4,84,14469.6,83,5498.45,87,2455,92,44
Company 687,67890,21362,15,29,19688.1,29,23761.5,67,10183.5,59,3869.73,47,3493,97,52
Company 688,73771,14549,84,21,15491.91,21,25819.85,88,11065.65,66,4204.95,61,8407,82,67
Company 689,61206,32666,64,30,18361.8,30,21422.1,99,9180.9,94,3488.74,95,2018,83,73
Company 690,30612,30857,1,8,2448.96,8,10714.2,50,4591.8,59,1744.88,85,2855,87,14
Company 691,2002,18123,25,12,240.24,12,700.7,74,300.3,100,114.11,70,3199,65,59
Company 692,22778,55584,54,12,2733.36,12,7972.3,79,3416.7,65,1298.35,47,5967,70,89
Company 693,11323,5235,54,30,3396.9,30,3963.05,89,1698.45,94,645.41,85,6439,55,71
Company 694,24428,62369,50,34,8305.52,34,8549.8,99,3664.2,82,1392.40,47,7608,98,82
Company 695,57759,53537,19,34,19638.06,34,20215.65,98,8663.85,62,3292.26,2,9027,88,52
Company 696,94727,28213,61,35,33154.45,35,33154.45,76,14209.05,72,5399.44,77,7084,92,4
Company 697,2891,70722,42,41,1185.31,41,1011.85,60,433.65,85,164.79,65,2191,94,77
Company 698,45235,41207,1,44,19903.4,44,15832.25,62,6785.25,51,2578.40,36,5931,90,6
Company 699,5824,73030,76,20,1164.8,20,2038.4,50,873.6,83,331.97,93,439,57,98
Company 700,33214,13547,23,36,11957.04,36,11624.9,67,4982.1,61,1893.20,49,6598,89,7
Company 701,26430,58438,36,24,6343.2,24,9250.5,99,3964.5,73,1506.51,39,5222,82,55
Company 702,66833,74906,72,11,7351.63,11,23391.55,79,10024.95,91,3809.48,18,8881,57,95
Company 703,77187,53509,38,15,11578.05,15,27015.45,89,11578.05,88,4399.66,89,4780,65,82
Company 704,32892,48598,10,38,12498.96,38,11512.2,67,4933.8,95,1874.84,36,4547,63,91
Company 705,8153,57175,51,21,1712.13,21,2853.55,91,1222.95,55,464.72,90,4703,88,15
Company 706,60091,60936,33,23,13820.93,23,21031.85,83,9013.65,72,3425.19,22,4927,92,7
Company 707,4485,2068,97,36,1614.6,36,1569.75,79,672.75,65,255.65,91,7212,92,10
Company 708,74505,76923,23,19,14155.95,19,26076.75,86,11175.75,57,4246.79,56,5807,95,91
Company 709,4257,57375,58,5,212.85,5,1489.95,88,638.55,82,242.65,22,1350,62,25
Company 710,7987,70854,40,21,1677.27,21,2795.45,76,1198.05,76,455.26,66,620,59,29
Company 711,62236,6360,92,1,622.36,1,21782.6,97,9335.4,76,3547.45,59,5966,77,43
Company 712,59763,7842,27,1,597.63,1,20917.05,68,8964.45,68,3406.49,96,2054,73,21
Company 713,46547,1055,1,3,1396.41,3,16291.45,69,6982.05,86,2653.18,30,6940,83,31
Company 714,29506,7623,69,45,13277.7,45,10327.1,55,4425.9,67,1681.84,14,7438,65,86
Company 715,24560,7516,99,34,8350.4,34,8596,50,3684,92,1399.92,67,8540,84,4
Company 716,18416,54545,84,14,2578.24,14,6445.6,55,2762.4,61,1049.71,56,4402,100,51
Company 717,706,69175,51,45,317.7,45,247.1,92,105.9,73,40.24,63,8068,89,72
Company 718,77385,11892,95,48,37144.8,48,27084.75,96,11607.75,90,4410.95,73,6362,57,9
Company 719,2749,69449,93,21,577.29,21,962.15,65,412.35,68,156.69,40,475,86,31
Company 720,75164,61873,86,21,15784.44,21,26307.4,84,11274.6,85,4284.35,67,7228,89,72
Company 721,81241,70134,58,26,21122.66,26,28434.35,83,12186.15,69,4630.74,29,1676,67,96
Company 722,90860,61915,7,11,9994.6,11,31801,99,13629,52,5179.02,47,7211,78,21
Company 723,90291,1001,77,22,19864.02,22,31601.85,96,13543.65,62,5146.59,27,2162,70,14
Company 724,39326,41231,18,23,9044.98,23,13764.1,82,5898.9,84,2241.58,78,8929,84,29
Company 725,95480,3866,4,14,13367.2,14,33418,94,14322,56,5442.36,15,42,58,76
Company 726,81089,49061,1,26,21083.14,26,28381.15,94,12163.35,100,4622.07,14,5930,52,13
Company 727,40597,78398,14,33,13397.01,33,14208.95,55,6089.55,54,2314.03,71,9339,95,37
Company 728,94683,12469,8,4,3787.32,4,33139.05,92,14202.45,72,5396.93,27,801,86,78
Company 729,82961,49712,42,17,14103.37,17,29036.35,83,12444.15,51,4728.78,57,258,93,3
Company 730,14818,70788,13,17,2519.06,17,5186.3,74,2222.7,61,844.63,35,5652,82,49
Company 731,77705,76804,96,33,25642.65,33,27196.75,76,11655.75,55,4429.19,88,8359,57,41
Company 732,79324,69367,77,5,3966.2,5,27763.4,65,11898.6,54,4521.47,57,4764,79,5
Company 733,89433,68056,34,16,14309.28,16,31301.55,55,13414.95,57,5097.68,60,350,92,75
Company 734,45606,35178,85,20,9121.2,20,15962.1,51,6840.9,93,2599.54,43,9223,97,72
Company 735,99665,7836,19,26,25912.9,26,34882.75,97,14949.75,59,5680.91,89,8013,77,88
Company 736,23,3106,46,40,9.2,40,8.05,69,3.45,74,1.31,82,3051,64,14
Company 737,22066,47884,50,12,2647.92,12,7723.1,74,3309.9,98,1257.76,75,4527,61,73
Company 738,3184,79504,91,29,923.36,29,1114.4,60,477.6,83,181.49,11,890,76,85
Company 739,61828,55670,65,49,30295.72,49,21639.8,60,9274.2,87,3524.20,18,9415,90,100
Company 740,67618,18514,20,39,26371.02,39,23666.3,55,10142.7,68,3854.23,32,9721,84,40
Company 741,71193,72931,9,15,10678.95,15,24917.55,57,10678.95,79,4058.00,47,4520,56,27
Company 742,36673,14659,81,27,9901.71,27,12835.55,69,5500.95,86,2090.36,6,3002,80,68
Company 743,80285,40159,37,13,10437.05,13,28099.75,53,12042.75,82,4576.25,39,1036,83,39
Company 744,15312,71914,18,25,3828,25,5359.2,73,2296.8,85,872.78,12,2572,96,24
Company 745,77787,55051,37,26,20224.62,26,27225.45,90,11668.05,57,4433.86,65,5995,81,45
Company 746,93663,10084,81,22,20605.86,22,32782.05,58,14049.45,51,5338.79,93,3826,60,63
Company 747,49036,18462,13,18,8826.48,18,17162.6,64,7355.4,86,2795.05,48,7111,92,10
Company 748,13172,46915,18,13,1712.36,13,4610.2,75,1975.8,56,750.80,32,1592,62,90
Company 749,7205,34492,11,35,2521.75,35,2521.75,69,1080.75,87,410.69,46,5869,67,87
Company 750,23566,79516,25,18,4241.88,18,8248.1,57,3534.9,75,1343.26,61,8859,71,21
Company 751,38080,12192,55,35,13328,35,13328,83,5712,100,2170.56,69,4068,60,4
Company 752,87213,8083,54,9,7849.17,9,30524.55,62,13081.95,74,4971.14,30,1904,68,45
Company 753,51680,3200,64,13,6718.4,13,18088,58,7752,63,2945.76,47,462,89,44
Company 754,6665,28143,1,2,133.3,2,2332.75,82,999.75,68,379.91,79,8303,62,62
Company 755,42570,15016,3,42,17879.4,42,14899.5,64,6385.5,62,2426.49,87,8668,85,75
Company 756,28516,11021,92,44,12547.04,44,9980.6,84,4277.4,61,1625.41,90,5420,63,67
Company 757,61826,5919,84,38,23493.88,38,21639.1,99,9273.9,70,3524.08,17,1561,60,96
Company 758,96018,55120,74,50,48009,50,33606.3,57,14402.7,79,5473.03,45,1618,78,100
Company 759,1700,70468,71,16,272,16,595,68,255,55,96.90,63,1821,51,47
Company 760,77589,78587,43,31,24052.59,31,27156.15,64,11638.35,63,4422.57,62,4506,52,52
Company 761,27071,32831,24,35,9474.85,35,9474.85,85,4060.65,92,1543.05,2,7995,56,95
Company 762,14998,61874,82,45,6749.1,45,5249.3,50,2249.7,65,854.89,11,6933,93,1
Company 763,74529,71182,65,25,18632.25,25,26085.15,62,11179.35,81,4248.15,3,9794,74,41
Company 764,84870,14563,91,44,37342.8,44,29704.5,59,12730.5,63,4837.59,2,1100,78,49
Company 765,40906,12879,13,42,17180.52,42,14317.1,50,6135.9,58,2331.64,64,5577,51,79
Company 766,55426,73814,53,50,27713,50,19399.1,58,8313.9,58,3159.28,42,5285,82,77
Company 767,43883,74697,38,4,1755.32,4,15359.05,75,6582.45,88,2501.33,89,5045,77,86
Company 768,55481,26973,56,41,22747.21,41,19418.35,89,8322.15,84,3162.42,11,2637,86,63
Company 769,2062,51595,36,38,783.56,38,721.7,57,309.3,91,117.53,96,2145,100,10
Company 770,99039,60935,21,37,36644.43,37,34663.65,94,14855.85,72,5645.22,92,9868,82,41
Company 771,71678,54655,63,40,28671.2,40,25087.3,76,10751.7,97,4085.65,69,4418,69,15
Company 772,88616,58797,40,39,34560.24,39,31015.6,57,13292.4,74,5051.11,11,3203,50,71
Company 773,18493,75103,3,43,7951.99,43,6472.55,83,2773.95,95,1054.10,34,8439,70,92
Company 774,62581,73958,96,28,17522.68,28,21903.35,96,9387.15,92,3567.12,38,294,71,49
Company 775,68083,37778,95,39,26552.37,39,23829.05,70,10212.45,55,3880.73,52,3300,95,96
Company 776,16940,54169,62,42,7114.8,42,5929,88,2541,78,965.58,48,530,95,89
Company 777,54393,3575,28,10,5439.3,10,19037.55,78,8158.95,61,3100.40,74,3,61,78
Company 778,36886,14021,9,21,7746.06,21,12910.1,82,5532.9,66,2102.50,51,2689,58,49
Company 779,46111,13207,73,16,7377.76,16,16138.85,66,6916.65,89,2628.33,53,9604,67,30
Company 780,60506,25570,38,5,3025.3,5,21177.1,79,9075.9,74,3448.84,18,4403,66,16
Company 781,12618,19663,64,37,4668.66,37,4416.3,97,1892.7,100,719.23,95,3,67,64
Company 782,25585,76920,28,42,10745.7,42,8954.75,92,3837.75,79,1458.35,33,8220,78,38
Company 783,49764,26944,99,39,19407.96,39,17417.4,87,7464.6,84,2836.55,69,2013,55,86
Company 784,62302,75181,92,7,4361.14,7,21805.7,68,9345.3,71,3551.21,27,60,99,43
Company 785,3655,58180,65,3,109.65,3,1279.25,97,548.25,84,208.34,87,7445,52,63
Company 786,81364,50767,27,23,18713.72,23,28477.4,65,12204.6,54,4637.75,59,2870,81,25
Company 787,24982,58824,30,27,6745.14,27,8743.7,91,3747.3,98,1423.97,93,7853,70,47
Company 788,95279,37432,62,42,40017.18,42,33347.65,61,14291.85,55,5430.90,51,5217,65,40
Company 789,74482,61753,16,46,34261.72,46,26068.7,83,11172.3,89,4245.47,36,7221,88,49
Company 790,37015,50833,15,9,3331.35,9,12955.25,80,5552.25,78,2109.86,5,666,63,57
Company 791,32419,55247,81,19,6159.61,19,11346.65,51,4862.85,65,1847.88,11,4905,55,28
Company 792,6688,64126,66,29,1939.52,29,2340.8,72,1003.2,58,381.22,57,5391,82,15
Company 793,89682,42853,80,34,30491.88,34,31388.7,77,13452.3,61,5111.87,75,9379,77,77
Company 794,45527,10102,17,42,19121.34,42,15934.45,62,6829.05,97,2595.04,87,7213,99,13
Company 795,97250,26549,85,2,1945,2,34037.5,93,14587.5,63,5543.25,92,442,71,93
Company 796,22738,23477,3,28,6366.64,28,7958.3,56,3410.7,87,1296.07,23,9718,95,62
Company 797,92561,38885,56,43,39801.23,43,32396.35,62,13884.15,55,5275.98,20,2650,60,73
Company 798,30523,18244,97,30,9156.9,30,10683.05,99,4578.45,94,1739.81,96,8326,98,20
Company 799,18508,62366,67,20,3701.6,20,6477.8,67,2776.2,56,1054.96,30,8536,88,13
Company 800,84248,75595,61,4,3369.92,4,29486.8,66,12637.2,89,4802.14,25,1118,71,86